Hades,Playstation,5.99
Cris Tales,Playstation,9.99
F1 2021,Playstation,19.99
Resident Evil Village,Playstation,29.99
Subnautica: Below Zero,Playstation,19.99
Chivalry 2 Day One Edition,Playstation,34.99
The Last of Us Part II,Playstation,24.99
It Takes Two,Playstation,34.99
Balan Wonderworld,Playstation,35.99
Cyberpunk 2077,Playstation,27.99
Destroy All Humans!,Playstation,7.99
Resident Evil Village,Xbox,31.99
Mass Effect Legendary Edition,Xbox,29.99
Assassin's Creed Valhalla,Xbox,35.99
Watch Dogs Legion,Xbox,40.99
Cyberpunk 2077,Xbox,12.99
F1 2020 Standard Edition,Xbox,9.99
BIOMUTANT,Xbox,19.99
DOOM Eternal,Xbox,15.99
Planet Coaster,Xbox,26.99
Monster Energy Supercross 4,Xbox,18.99
Animal Crossing: New Horizons,Nintendo,13.99
Mario Golf: Super Rush,Nintendo,23.99
Subnautica: Below Zero Double Pack,Nintendo,25.99
Super Mario 3D All-Stars,Nintendo,16.99
Pikmin 3 Deluxe,Nintendo,34.99
Balan Wonderworld,Nintendo,16.99
Monster Hunter Rise,Nintendo,18.99
New Pokï¿½mon Snap,Nintendo,19.99
Just Dance 2021,Nintendo,21.99
Miitopia,Nintendo,34.99
Minecraft Dungeons Hero Edition,Nintendo,31.99
Ghostrunner,Nintendo,16.99
Mafia II: Definitive Edition,PC Games,4.99
Microsoft Flight Simulator,PC Games,6.99
The Sims 4 Cool Kitchen Stuff,PC Games,9.99
Cuphead,PC Games,13.99
Humankind,PC Games,23.99
SPORE,PC Games,13.99
Resident Evil 6,PC Games,5.99
Age of Empires: Definitive Edition,PC Games,16.99
Viking: Battle for Asgard,PC Games,14.99
Sniper Elite III,PC Games,19.99
Resident Evil 5,PC Games,9.99
Dead Rising 2,PC Games,6.99
Blob From Space,PC Games,21.99
Grand Ages: Rome Gold,PC Games,27.99
Dream,PC Games,18.99
Aliens: Colonial Marines,PC Games,16.99
Galaxy Force II,PC Games,10.99